22.087233333333334,21.917039999999997,21.974951162790703,21.77861818181819,21.669629729729728,21.545435643564346,21.56092307692308,21.712986956521732,21.304551807228922,21.778021686746985,21.18274358974359,21.219982089552236,21.699364705882353,20.463940983606555,21.294887671232882,22.54585,22.55692452830189,23.91512000000001,23.658724770642202,24.19776486486487,24.230992941176474,24.51306000000001,23.80314545454545,24.238132307692307,23.839015999999997,24.005093333333335,23.418207843137257,23.517338297872342,23.30973164556961,22.805278873239438,20.896261111111105,21.485721212121216,20.82709999999999,22.375362162162173,21.41525869565217,22.225599999999996,21.732427848101263,22.367112903225802,22.950965789473685,22.097478787878796,24.4798947368421,22.58576296296297,21.73251176470589,22.682914851485144,22.051676923076933,22.88379310344827,22.67194545454545,21.24909999999999,21.839495774647887,21.32322758620689,21.294703703703703
21.767485393258426,22.00025833333334,21.901053012048184,22.013258181818173,21.559724999999997,21.706116831683165,21.474581395348828,21.389996,21.285871604938272,21.61213750000001,20.598556521739134,21.120453124999994,21.862196296296307,21.485686274509806,22.197561643835613,22.68307333333333,22.40423486238532,23.254506666666664,22.87857570093458,23.382684444444447,23.134990322580645,22.873799999999992,22.569668421052626,23.158988235294114,22.240548888888878,22.763786486486477,22.130679999999998,22.312807766990318,21.783990588235284,22.132405970149254,21.326268965517244,22.102848,21.533973076923083,22.366370000000007,21.870632258064514,22.412484444444438,22.30617777777779,22.35114230769231,22.23071538461537,22.50742,22.621078125000004,22.59716,22.260763106796126,22.394676923076936,22.325254545454552,22.47990588235294,22.096519999999998,22.473445652173904,22.30996842105263,21.752835555555556,21.31819677419356
21.496908235294107,21.855086956521742,21.696701265822774,21.834321875,21.45295555555555,21.509163999999995,21.121722580645162,21.122954166666663,21.088227272727273,21.23535696202531,20.231766666666665,20.814687671232875,21.519313725490207,21.267939130434783,21.90353253012049,22.30034782608695,21.828102752293567,22.71961333333334,22.266502702702695,22.835912500000017,22.471553191489363,22.22524999999999,21.842233333333343,22.471131999999997,21.55430000000001,22.210304999999995,21.51891929824562,21.723096078431368,21.175497058823538,21.771518032786872,20.94945333333333,21.8504,21.286269306930706,22.059153424657538,21.45714358974361,22.119989090909087,21.958864406779675,21.945425000000007,21.600164383561637,22.252413043478253,21.825241791044785,22.162880000000012,21.932553191489376,21.849277083333337,21.982610909090916,21.794014492753618,21.58116727272727,22.3019976744186,22.022673684210535,21.44555111111111,21.03346557377049
21.22319999999999,21.561444117647056,21.41208333333334,21.596403278688523,21.223051515151514,21.266483333333344,20.884654545454545,20.832935416666665,20.820432098765437,21.041302439024395,20.000445833333334,20.561498630137,21.099003846153856,20.684744444444437,21.5123,21.849799999999995,21.270187499999995,22.299162376237632,21.652018691588772,22.311362962962967,21.82795116279069,21.666706976744184,21.303134939759026,22.002572222222224,20.94329438202248,21.65452405063292,20.868358333333333,21.169867368421055,20.590283333333346,21.339232000000006,20.538876315789484,21.54199696969699,20.896777570093448,21.69507671232876,21.022999999999982,21.695804999999993,21.469074999999993,21.31266451612904,20.9307925,21.7691275862069,21.207635294117644,21.677499999999995,21.503200000000003,21.342086868686877,21.558919999999997,21.19535555555556,20.947237681159418,21.823504444444456,21.60525588235293,20.989422580645158,20.594617948717957
20.900352112676053,21.200717647058823,21.146414117647065,21.3712690909091,20.90928387096774,20.971444660194162,20.552512500000002,20.497246153846167,20.488709090909104,20.16067954545455,19.414723076923078,20.226730555555545,20.690079999999995,20.203999999999997,21.018459459459443,21.302806153846152,20.75489320388349,21.703302970297024,20.98886725663716,21.754551219512198,21.04722608695652,21.004091358024688,20.6843225,21.295015625,20.13914705882353,20.926627500000002,20.084138461538462,20.46003689320388,19.863390243902437,20.825515999999993,20.113506382978724,21.118910447761184,20.471098039215686,21.309654794520547,20.559027272727278,21.21369696969697,20.884602898550728,20.669850000000014,20.26441095890411,21.196619178082187,20.626820289855072,21.19350599999999,21.087849056603773,20.89631346153846,21.063364601769905,20.546355263157903,20.288042424242413,21.33780235294116,21.15083076923077,20.496714754098353,20.121016129032256
20.74977352941177,21.08994925373134,20.947166666666675,21.211892307692317,20.691429508196713,20.779727102803736,20.316155555555554,20.27355145631067,20.267700000000012,19.97267441860465,19.19114117647059,19.891379999999995,20.25463333333333,19.778680000000005,20.574729545454534,20.872577777777778,20.308136448598123,21.24307735849057,20.520477064220195,21.25721839080462,20.508545652173904,20.49432499999998,20.136410309278347,20.75035,19.605266666666676,20.338012048192773,19.486938983050848,20.01750891089109,19.716261538461538,20.62008,19.89787894736841,20.930139726027395,20.306142268041242,21.088550684931498,20.38579,21.007788461538457,20.57407457627119,20.38644680851064,19.883419178082196,20.88594,20.213800000000003,20.796454545454537,20.74817222222222,20.540720388349524,20.696761818181834,20.148182608695652,19.853134210526317,20.941115909090914,20.782318072289144,20.165831578947362,19.76528219178083
20.60529090909091,20.907799999999998,20.754671910112364,21.05059354838709,20.52064137931034,20.617215384615395,20.167984999999998,20.096645454545456,20.06798072289155,19.952307317073164,19.02549302325582,19.74295454545455,19.97106153846153,19.44245833333333,20.317231325301204,20.609508108108106,20.052054205607465,20.98168444444445,20.249676521739126,21.008370786516853,20.223377272727266,20.239346067415728,19.867501923076926,20.50033333333333,19.3588817204301,20.090854545454537,19.24425333333333,19.794124074074073,19.570692753623188,20.394267924528304,19.698526315789472,20.714914634146346,20.074224242424247,20.91190588235294,20.14157826086956,20.80588333333333,20.346099999999993,20.161468,19.675831578947363,20.66161219512195,19.94769230769231,20.55346800000002,20.50143,20.284783783783773,20.45669345794392,19.88798356164384,19.615667796610172,20.717429885057474,20.520178947368414,19.915842307692312,19.58384375
20.2507012345679,20.64613953488372,20.422022471910108,20.77254848484849,20.248721126760557,20.347312871287137,19.877036363636364,19.805100000000003,19.80543076923076,19.469569767441854,18.601000000000003,19.464644444444442,19.561822641509433,18.95717272727273,19.795479999999998,20.063467999999997,19.49801568627451,20.407956435643563,19.643040740740744,20.42594117647059,19.58659999999999,19.669150588235297,19.301740384615382,19.782750769230773,18.65169999999999,19.42637590361446,18.726285106382978,19.415600000000005,19.131025641025644,20.026550000000004,19.326294382022482,20.340823076923073,19.625618518518518,20.5745536231884,19.772911363636368,20.368350819672123,19.896636363636365,19.692439999999998,18.997014705882357,19.940307407407406,19.48226769230769,19.97397222222222,20.062095999999997,19.812768627450986,20.03439819819819,19.326830985915503,18.937039436619724,20.24102222222222,20.04478550724638,19.470664150943396,19.178187951807228
19.930631578947366,20.325246511627913,20.13145609756098,20.462937777777775,19.943837735849062,20.05484399999999,19.597342307692312,19.533806451612897,19.461583783783787,18.968531818181816,18.342481967213114,19.177657627118645,19.221600000000002,18.571092753623184,19.34126779661018,19.62243125000001,19.090906666666676,19.843377981651372,19.10903148148148,19.937379381443286,19.085938461538465,19.16455384615385,18.80760000000001,19.301191780821924,18.152149019607844,19.056509090909085,18.42574545454546,19.16888712871287,18.822039344262294,19.726429268292684,19.052569014084497,20.01888888888888,19.267619607843134,20.225208955223884,19.430738297872335,19.989625,19.47165762711865,19.051683333333333,18.324929032258062,19.135672727272734,18.922351219512194,19.38538532110092,19.57227692307693,19.300145999999998,19.572473873873868,18.832779545454542,18.43298108108109,19.798215384615393,19.57622352941177,19.035387692307694,18.79635072463768
19.71593720930232,20.112471698113207,19.925244444444445,20.252608000000016,19.7729606557377,19.853882105263143,19.430888888888894,19.35201894736842,19.287204494382028,18.75123855421687,18.13756744186047,18.99580000000001,18.995036363636356,18.353847761194025,19.084813513513517,19.35525,18.873719999999995,19.57149166666666,18.848621568627465,19.667209803921565,18.84015049504952,18.912384810126568,18.55387600000001,19.051420338983057,17.94427524752477,18.86283414634147,18.269819230769222,18.97871456310679,18.65786153846154,19.46772962962962,18.9050441860465,19.810928125000007,19.062091489361705,20.037797297297306,19.2379023255814,19.753526666666655,19.255886567164186,18.833600000000004,18.074430303030304,18.857355555555557,18.631340983606552,19.076815094339626,19.261099999999978,19.026763106796118,19.303527433628332,18.540977215189873,18.188370588235294,19.521919999999987,19.314451351351348,18.777698360655734,18.55143548387097
19.612534146341453,19.994933333333332,19.826700000000013,20.137800000000013,19.687050000000003,19.725553684210535,19.316471794871795,19.243712643678162,19.131406896551727,18.762408988764044,18.038408510638295,18.832000000000004,18.89637254901961,18.319568888888885,19.127518309859152,19.335410526315794,18.79185769230769,19.546928846153858,18.901033628318576,19.634831372549012,18.90876666666666,18.91241025641025,18.564975257731955,19.190321126760562,18.04490526315789,18.814431707317077,18.304106666666666,18.87429999999999,18.59583606557378,19.36359024390244,18.816905747126448,19.71617777777778,18.969512765957436,19.90032564102565,19.11438913043478,19.653515624999994,19.125831034482758,18.693225,17.904778313253004,18.707735999999997,18.43760444444445,18.845031914893614,19.051215533980592,18.77454509803922,19.082754128440374,18.25044383561642,17.98474545454546,19.294055445544565,19.06350724637681,18.515296666666668,18.308169863013706
19.493885393258424,19.85723076923077,19.680453846153853,20.00083283582088,19.567146268656714,19.608601960784316,19.18088,19.120350588235297,18.998718072289165,18.705122666666668,17.856419607843137,18.75214814814816,18.750731707317065,18.14370638297873,18.973309677419362,19.177603124999994,18.605553398058262,19.416409900990086,18.723675000000007,19.494594174757268,18.765797872340436,18.78568333333333,18.439564444444446,19.070854237288124,17.917199999999994,18.721248192771082,18.193261290322578,18.763812631578965,18.501472727272724,19.24151489361703,18.71163589743588,19.596575000000005,18.87467083333333,19.80491566265061,19.011083333333342,19.52716086956522,19.02869014084508,18.611054545454543,17.773892537313433,18.571898360655727,18.249916981132078,18.68942580645161,18.873523711340223,18.610146666666665,18.923349999999996,18.07242898550725,17.821283582089546,19.119016091954034,18.891718749999995,18.3322,18.1215
19.358199999999993,19.707846511627903,19.457765853658536,19.861777777777778,19.42881999999999,19.459806185567004,19.03629230769231,18.942336470588234,18.844907317073183,18.337734117647056,17.629322222222218,18.548584000000005,18.558035555555556,17.971761764705878,18.822346268656716,19.021466666666665,18.426741176470586,19.160614678899087,18.518756363636367,19.345481188118807,18.573171111111105,18.58964864864865,18.256510638297875,18.90013333333334,17.73406966292135,18.565117808219178,17.960255813953488,18.567498989898972,18.31479402985074,19.04047272727272,18.544166292134825,19.45848985507247,18.70217425742575,19.619387654320995,18.815628235294117,19.355854545454534,18.85389090909091,18.465375,17.588985294117638,18.40247631578947,17.996619999999997,18.457031067961164,18.636606185567008,18.36868316831684,18.680099999999985,17.826968674698794,17.55421754385965,18.861049999999995,18.657559999999997,18.123305263157896,17.90994782608696
19.133669565217403,19.482066666666665,19.21993658536586,19.622289552238804,19.195020000000007,19.24320404040404,18.784876595744684,18.716990804597692,18.61887578947369,18.07662631578948,17.374995652173915,18.343755223880603,18.30868,17.638725423728815,18.48222909090909,18.68265352112675,18.126399999999997,18.815038461538457,18.165423423423412,19.022178217821764,18.19668602150538,18.21924871794872,17.90536739130434,18.5409696969697,17.317157575757562,18.266866666666658,17.684420000000006,18.31732499999999,18.03574999999999,18.777088888888883,18.288206521739113,19.204065909090914,18.415684905660378,19.39075076923077,18.565911392405066,19.12043783783784,18.601067741935484,18.199454545454543,17.30418,18.11691111111111,17.714112280701755,18.17730291262136,18.385715686274512,18.108553684210527,18.424252991452992,17.607,17.29704,18.600136170212753,18.443500000000007,17.893694545454544,17.682649122807018
19.244839080459776,19.603125490196085,19.3559325,19.693334782608698,19.25171562500001,19.293000000000003,18.949599999999997,18.905826666666663,18.85185128205129,18.23171898734177,17.81683529411765,18.516670588235293,18.86563181818182,19.04727868852459,19.60887272727273,19.519736708860762,20.419696078431375,19.810713131313133,19.652333962264144,19.7585170212766,19.378820202020197,19.16478297872341,18.89759318181817,19.159495522388056,18.53619999999999,18.839385507246373,18.309333333333335,18.78573269230769,18.484662295081975,19.052416949152555,18.668501265822787,19.495949999999997,19.063706930693073,19.664439999999995,18.96334130434782,19.23888148148148,18.840555555555554,18.48268444444445,17.633444444444443,18.451841666666667,17.905070769230765,18.193963461538463,18.359101960784315,18.095259813084116,18.42956481481481,17.546566666666664,17.319282051282052,18.609975555555547,18.432079452054804,17.84111111111111,17.67013770491803
20.97808604651163,20.910416666666663,20.521765000000002,20.858545161290316,20.290086274509804,20.24766336633663,19.87336666666667,20.011724000000005,19.833990243902438,18.987330000000004,19.077376923076926,19.47705479452054,20.856041860465112,22.286499999999997,22.954941666666674,22.26449454545454,24.295311538461547,22.69523762376238,23.372757407407402,22.339707070707068,23.3152914893617,22.81766,22.727892,22.198999999999998,22.618475,21.81028533333333,22.2307625,21.682228301886795,21.836159375,21.448467567567565,21.70806097560976,21.600969863013702,22.070256565656567,21.61017435897436,21.729784615384606,21.31423684210527,21.223200000000006,20.587451063829786,19.98478947368421,20.668491176470592,19.550221212121215,19.291144554455443,19.04893203883495,19.346980392156865,19.03619807692308,18.52914457831325,17.97482666666666,19.11554666666667,18.998474358974352,18.2524,18.07664615384616
22.895079999999997,22.449470370370367,22.061906329113924,22.424375862068963,21.57943859649123,21.644698,21.2960875,21.288086315789478,21.02986,19.95460256410256,20.12788219178082,20.586994594594604,22.242622727272728,23.848025,24.490800000000004,23.49139743589744,25.574211538461523,24.165159999999997,25.14391272727273,24.04886666666667,25.717711827956993,25.885989743589736,25.421865882352943,24.504488888888893,25.505898000000013,24.39542278481012,25.4708,24.197311538461545,24.61073333333334,23.598952542372885,24.489482352941188,23.967632352941177,25.086743478260875,23.899268181818186,24.200802173913047,23.342296875000002,23.313569696969697,22.608527999999996,22.428892537313438,23.12661290322581,21.05758000000001,20.963087850467282,20.484868000000002,20.916499999999996,20.05394311926605,19.845409090909094,19.518124050632906,19.97376363636364,19.80895405405405,18.890800000000002,18.68853442622951
24.861716831683175,24.212200000000003,23.59913023255813,24.027422580645155,22.894039506172835,23.030467924528306,22.46584,22.618033999999998,22.367684090909094,21.016116666666676,21.176005263157897,21.423209090909097,23.10613636363636,24.611945161290336,25.079500000000007,24.655734482758632,26.129669902912614,25.486705154639157,26.24733333333333,25.827830107526886,27.289938461538465,28.29145,27.847399999999986,26.879938181818176,28.495999999999988,26.74445,28.299278048780486,26.434083168316832,27.07106176470588,25.653766197183096,27.08771358024691,26.235179411764705,28.198148235294124,26.2735075,26.892230769230757,25.579032727272715,25.713699999999996,24.793282352941183,24.350112727272723,25.35060363636364,22.812347368421044,22.721158823529397,22.06704999999999,22.630712871287123,21.548630630630637,21.517060000000008,21.031602898550723,21.249476923076926,20.853183783783777,19.74415384615385,19.47635
26.24376578947369,25.171469230769226,25.10816781609195,25.047813333333337,23.954264,24.002184946236568,23.629099999999994,23.704031460674162,23.392552499999994,22.499872727272702,22.118811111111114,22.092405555555548,23.49937894736842,24.60175,25.02410869565217,25.359780000000004,25.910322222222227,26.043743137254896,26.63475999999999,27.317240909090923,27.793578723404245,29.429946153846142,28.417941573033715,28.51605846153846,30.197652083333328,28.242041666666665,30.075866666666663,28.06015957446808,28.615382608695658,26.838991999999998,28.71120000000001,27.73160615384617,30.066101052631577,27.91345432098764,28.494261538461526,26.997033333333338,27.378365625000015,25.988578947368424,25.41020701754388,27.017449999999993,24.098411111111105,24.028426666666665,23.174389898989894,23.901835849056603,22.680441509433958,22.72894772727273,22.227432727272728,22.269506382978726,21.766903999999993,20.49418888888889,20.189048717948708
27.041566265060244,25.869216666666663,26.02328041237114,25.770571929824566,24.616703448275864,24.680021052631567,24.23583529411765,24.38421041666665,24.03177111111111,22.766065882352937,22.290687272727265,22.38760563380281,23.782306666666667,24.897623529411764,25.520154929577448,25.760600000000007,26.227574757281563,26.378915887850464,26.984675471698115,28.103453333333327,28.1642640776699,30.506316216216202,28.87689462365591,29.228779166666683,30.721123076923078,29.110883582089542,30.690735,28.87323076923076,29.3043652173913,27.65989850746268,29.6015744680851,28.679074999999994,31.004776000000003,28.810384810126575,29.266787096774184,27.921767272727262,28.291982608695662,27.007278787878786,26.3046,27.848642622950823,24.896593442622958,24.948226666666656,23.979424742268048,24.753293203883484,23.482624999999995,23.614123943661962,23.14318333333332,23.057450526315797,22.447111111111106,21.053464000000005,20.701811594202898
27.171922499999987,26.109147169811315,26.39923333333333,26.11219384615384,25.016106249999996,25.073072727272727,24.711066666666667,24.821851162790697,24.469356962025326,23.352249999999998,22.71842295081968,22.736197499999996,24.0266125,25.062109803921572,25.783000000000033,26.004974468085102,26.37438446601942,26.632800000000014,27.089054716981142,28.167701886792457,28.309528421052633,30.5541475,28.55055862068965,29.277000000000008,30.513402020202015,29.204891666666654,30.512999999999995,28.906788118811892,29.229297435897433,27.766239999999993,29.558265168539325,28.804666666666666,30.924462365591395,29.064114666666665,28.899156521739123,28.267059701492528,28.531909333333328,27.721669090909092,27.17124788732394,27.91238055555555,26.06166885245902,25.963011214953273,25.0912,25.937505154639187,24.75995929203542,24.77493253012048,24.331732394366192,24.47510133333333,23.71226388888888,22.205199999999994,21.70796206896551
26.438966315789482,25.595451851851855,26.21886136363636,25.953690625000004,25.18149538461538,25.056088888888887,24.79720555555555,24.885568888888894,24.655282500000006,23.877518604651165,22.896861818181815,22.91201791044777,24.061062222222226,24.950203225806447,25.675666666666682,25.91081034482759,26.09627474747475,26.39593400000001,26.788952830188666,27.579358762886603,27.890405607476648,29.465933333333336,28.020583157894734,28.59222352941177,29.38452692307694,28.52585301204819,29.464623076923072,28.243416513761463,28.559093939393936,27.184307894736836,28.7651909090909,28.41823749999999,29.84045591397849,28.55401408450705,28.754964210526314,27.948325423728814,28.58154324324325,27.799000000000003,27.75294,27.610139999999998,28.052552727272722,26.556225490196084,25.960519999999992,27.730117307692314,25.95250181818182,26.497098823529413,25.90550933333333,25.397088372093027,24.77997777777778,23.39898490566038,22.542814545454547
25.960453932584272,25.50894339622641,26.123572151898742,25.871309375000013,25.219150000000003,25.017200000000013,24.74913684210527,24.85329230769231,24.699594936708863,23.67086136363636,22.795326315789477,22.881994117647054,23.991399999999995,24.691466666666656,25.44747804878049,25.697397101449273,25.841800000000013,26.118394230769223,26.440300000000008,26.98539793814433,27.54521030927834,28.488874418604645,27.688192079207916,27.677886792452828,28.2817,27.764095890410964,28.272666666666673,27.42846200000002,27.944098507462687,26.81426896551724,28.090235897435896,28.176658536585364,28.875282474226793,28.09552,28.253029545454538,27.690168421052633,28.31676666666668,28.322470769230776,29.521101449275363,27.69666,30.053992405063294,28.09900645161291,27.141855555555544,29.475707407407413,27.353288461538458,28.35490144927536,27.386973913043473,26.69724941176469,25.866276666666668,24.490333333333336,23.42029677419355
25.180846341463425,25.084784313725496,25.265071794871805,25.0848741935484,24.586289655172415,24.513521839080468,24.228471698113204,24.334942574257408,24.167895833333333,22.90637752808989,22.21554799999999,22.491470769230776,23.42061886792453,23.79960338983051,24.617397333333336,24.80716888888889,25.00345576923076,25.36347102803739,25.488415652173924,25.77352765957447,26.191894230769226,26.357443902439027,25.893108510638314,26.17608620689655,26.179797752808998,26.03861666666668,26.148788888888884,25.642999999999997,25.857765957446805,25.841177777777776,26.351987654320986,26.722306666666675,26.93473799999999,26.77359746835443,27.106540909090885,26.66565882352941,27.313900000000015,27.465942028985502,28.23871475409836,26.863712500000005,30.241132394366176,28.003953086419738,27.210411999999987,29.05101869158879,27.28586391752578,28.08997530864197,27.361150000000002,26.686969230769233,25.888816666666667,24.74139999999999,23.66193731343284
24.481767123287668,24.42930769230769,24.526208333333336,24.3886,23.93987878787879,23.921395652173914,23.635854054054047,23.726941935483875,23.554794520547947,22.63187422680412,21.81177647058823,22.151184615384615,23.029143999999995,23.08221016949152,23.960746341463416,24.238584615384614,24.218463917525774,24.626786666666664,24.545780582524277,25.010280459770115,24.970066666666664,24.87405507246377,24.611080851063832,25.099426666666666,24.542238709677417,24.888007999999996,24.52052307692308,24.549184158415837,24.654524324324324,24.86553333333333,24.98142686567163,25.912499999999987,25.615975757575757,25.92561470588236,26.08194320987655,25.88704390243903,26.628983157894726,26.87187692307692,26.79940000000001,26.274872093023262,29.357970786516862,27.61224528301885,26.87678969072164,28.275756756756753,26.819761165048533,27.2201082352941,26.954740425531917,26.228463529411773,25.7704,24.892898360655742,23.88349836065573
23.425145454545454,23.6595568627451,23.52922647058824,23.530186440677966,23.21026666666667,23.228402500000005,22.751299999999997,22.815120430107516,22.8157,22.23167764705883,20.90864390243902,21.552571875000005,22.416023333333328,22.09196999999999,23.15107777777778,23.526344117647053,23.17504859813085,23.836567010309277,23.637761616161608,24.125825490196082,23.860301149425293,23.61508372093024,23.364248717948715,23.954949999999993,23.21593402061856,23.83633414634146,23.200494117647057,23.429956603773586,23.25376,23.895100000000003,23.71022222222222,24.45987272727273,23.945639999999994,24.566441176470583,24.243743750000004,24.571927586206883,24.47798461538461,24.50864999999999,24.47543888888889,24.437327777777778,25.25760434782608,24.734207339449537,24.670992233009713,25.111303773584908,24.6004,24.427270270270274,24.124178181818177,24.61718181818182,24.22492280701755,23.405525490196077,22.640883076923075
22.794583333333332,23.101672340425534,22.864886075949368,22.99743555555556,22.635509433962277,22.671178823529413,22.239893023255817,22.20873913043479,22.23974823529412,21.588397590361456,20.119284444444446,20.937179999999994,21.632026415094337,21.341143859649115,22.506703030303033,22.850306249999992,22.454551851851853,23.23366542056077,22.93451376146788,23.475033684210512,23.21148636363636,22.928169411764703,22.662521739130437,23.37223684210526,22.475661538461537,23.177158904109596,22.427620000000008,22.7667,22.541399999999992,22.991400000000006,22.793186486486487,23.403828947368424,23.077752000000004,23.67099154929578,23.10258333333333,23.620101818181816,23.454545454545453,23.258389655172422,23.063422222222222,23.384997183098594,23.519813483146077,23.557340186915877,23.665065999999978,23.758295049504945,23.515654347826086,23.156082191780822,22.879968115942027,23.51225384615384,23.3718037735849,22.114216000000006,21.46048852459016
22.40312,22.652968421052627,22.533692105263142,22.619603921568622,22.31083389830509,22.307534146341464,21.85999583333333,21.816739130434787,21.83455061728396,20.921070454545447,19.704417777777778,20.616320588235304,21.257500000000004,20.87983018867925,22.029880000000002,22.392561290322583,21.99005000000001,22.769288679245303,22.48731090909091,23.021995505617973,22.718701075268815,22.414635000000004,22.205704444444454,22.92513333333334,21.9768,22.68353611111111,21.88603636363636,22.244033333333334,21.96284210526316,22.5393696969697,22.22982089552238,22.852779104477616,22.518284848484853,23.053605970149242,22.473339130434788,23.028119298245613,22.87525384615384,22.582786666666678,22.29022400000001,22.68695072463768,22.70423908045977,22.880636893203885,23.04486923076923,23.04082264150944,22.873498924731177,22.488856756756768,22.167828125000007,22.885190909090912,22.72749999999999,21.571208888888886,20.898820000000008
22.078190243902426,22.371759999999995,22.24992926829267,22.323012903225816,21.978149999999992,22.004987096774194,21.53646206896551,21.491416666666673,21.513456179775286,20.59631612903226,19.33696727272727,20.401709302325585,20.86994418604651,20.404962025316454,21.600197530864204,21.96815312500002,21.589719999999996,22.293077477477485,22.040376146789,22.55551960784314,22.250323404255315,21.911340229885074,21.740521212121216,22.51574054054055,21.49720404040404,22.29908108108109,21.49310833333333,21.78112079207921,21.478773684210516,22.260492307692306,21.740452054794517,22.485545945945933,22.077523076923057,22.68536,21.961367676767683,22.61212727272727,22.33928,22.05578,21.67412727272727,22.161585507246375,22.086791891891895,22.343349514563112,22.49729245283019,22.502536633663368,22.387000000000008,21.98585479452056,21.65908695652175,22.388159493670898,22.290290566037733,21.17196491228071,20.522242105263157
21.80308602150539,22.052933333333332,21.973553333333342,22.059587654320982,21.719324999999998,21.69203617021277,21.222405405405407,21.18794252873563,21.20022795698925,20.242630232558135,19.04342978723404,20.090435294117636,20.531133333333337,20.019882499999998,21.21781690140845,21.62031940298508,21.17923738317759,21.923334615384626,21.58989818181818,22.174393939393937,21.77887126436782,21.475620000000003,21.257954639175257,22.14548888888889,21.004993617021267,21.918872727272735,21.01568070175438,21.40496421052633,21.164560655737716,21.899613043478258,21.375758208955215,22.14198024691358,21.683703921568632,22.29299782608695,21.511234782608707,22.2529,21.907529545454548,21.521270769230775,21.114553086419754,21.69242985074627,21.526999999999994,21.816242718446595,22.022734042553207,21.994626415094345,21.8996085106383,21.446378666666668,21.09426875,21.90589662921349,21.790685333333336,20.639737037037044,20.066265454545455
21.490954022988507,21.671678947368417,21.635432258064515,21.744699999999998,21.320873333333335,21.337533333333337,20.30947894736842,20.79774141414142,20.85693975903615,20.203497435897425,18.678407272727277,19.936983561643842,20.08935849056604,19.508395999999998,20.81233134328359,21.217074999999998,20.742434615384624,21.536192920353983,21.19208737864077,21.79212688172043,21.372650000000004,21.045669230769224,20.8444350515464,21.795655172413788,20.559274747474763,21.52665,20.5586375,21.005330526315785,20.762600000000003,21.53627027027027,20.97408115942029,21.83397837837839,21.25664123711341,21.900721348314615,21.0971847826087,21.791173913043473,21.457460273972593,21.013889552238794,20.531040000000008,21.211125000000003,20.948249438202247,21.261126000000004,21.492654205607472,21.43559615384616,21.366645098039218,20.81992328767123,20.49258421052632,21.271420454545456,21.195854838709668,19.979518749999997,19.4535054054054
21.191900000000008,21.426706382978725,21.32599111111111,21.496059999999975,21.042459999999988,21.062713761467872,20.571826666666666,20.53823157894737,20.556916666666663,19.7189,18.374462500000007,19.67003243243242,19.835520000000006,19.317929230769238,20.52091081081081,20.864224657534248,20.42331067961166,21.19303137254902,20.773153846153853,21.43334432989691,20.944142574257416,20.617402298850575,20.465404347826095,21.463077272727272,20.142749999999985,21.149495833333336,20.143145161290317,20.664411538461543,20.38396363636363,21.240287179487176,20.588772500000008,21.54484477611942,20.883596039603948,21.60687526881721,20.78515180722892,21.4698,21.088874666666676,20.563496666666666,20.10014545454545,20.804049180327873,20.51424,20.881048076923072,21.062293333333326,21.04262592592592,21.00075849056603,20.474549999999997,20.162933333333335,20.98041290322579,20.964200000000012,19.86082181818182,19.30408965517241
20.931929113924063,21.1626,21.09119518072288,21.24537049180329,20.80590232558139,20.82065333333332,20.34239512195122,20.282399999999996,20.325029999999998,19.509156097560968,18.337768181818184,19.552540983606555,19.439395833333332,18.91353055555555,20.115079411764704,20.47975172413794,19.92854054054054,20.44345656565657,19.97898058252427,20.5602,19.848472164948454,20.02048333333334,19.790924731182795,20.55158723404256,19.446614736842104,20.347875362318838,19.775636842105257,20.360908888888893,20.04921369863013,20.896886486486483,20.217999999999996,21.227827777777787,20.58764421052632,21.376864000000015,20.55096170212767,21.18866666666667,20.784907894736847,20.185879245283015,19.729557499999995,20.451738235294123,20.22048705882353,20.62003773584907,20.74919999999999,20.732460377358482,20.720164150943397,20.242639999999994,19.910222727272725,20.82575555555554,20.895397101449266,19.828975000000003,19.285803225806454
20.618445161290328,20.864599999999992,20.727532530120488,20.98092222222223,20.485088888888892,20.518075728155356,20.080519999999996,20.007782222222207,20.095111111111102,19.241838202247205,18.241005555555557,19.376044117647062,19.047360975609752,18.557320000000008,19.649532530120496,19.924546874999987,19.404162499999995,19.92237894736841,19.31508235294117,19.95262999999999,19.035943157894742,19.47984533333333,19.06789014084508,19.761039999999998,18.899698850574715,19.854062921348316,19.466025000000005,20.002372277227725,19.737258666666662,20.505030434782604,19.84770000000001,20.8809,20.212463636363637,21.0806219512195,20.170746067415724,20.849734782608696,20.39971594202899,19.78210379746835,19.32438717948719,20.038342307692297,19.88812093023256,20.326954639175252,20.477924271844664,20.453106666666663,20.454983157894734,19.992706060606054,19.64993703703703,20.623746987951808,20.633824561403515,19.705904347826085,19.20594736842105
20.45331200000001,20.70928800000001,20.53606046511629,20.812459649122808,20.338173529411772,20.34779439252337,19.910196,19.823415384615394,19.898394736842107,19.016428915662658,17.815534883720925,19.16036712328767,18.722652631578946,18.138084615384617,19.395886842105273,19.629388732394368,19.167330434782603,19.603428282828286,19.11498584070797,19.696797872340436,18.913200000000003,19.230692682926833,18.91703870967742,19.705494339622643,18.859246153846147,19.669900000000005,19.360557377049187,19.847014583333323,19.62061176470589,20.341690000000007,19.71204,20.693999999999996,20.07343541666665,20.898669230769226,20.010703448275848,20.682022222222223,20.195684848484852,19.660775862068967,19.115207594936706,19.871096969696968,19.675701149425286,20.032597999999997,20.281162105263153,20.210194339622642,20.25497979797979,19.755159999999993,19.46861568627451,20.386538461538468,20.487718032786887,19.403038461538465,18.895230136986292
20.22656578947368,20.487369491525424,20.301473118279567,20.62894827586208,20.129134426229495,20.13908712871287,19.706729032258067,19.632608421052623,19.703054545454552,18.815666666666665,17.687114999999988,19.009075862068965,18.49053725490197,17.87131176470589,19.098479452054793,19.358399999999996,18.878746000000007,19.3295683168317,18.80420363636363,19.41958736842105,18.56915368421053,18.913942168674705,18.526748148148144,19.400965384615382,18.59624943820225,19.428362666666665,19.105152727272728,19.61288598130841,19.392276315789474,20.112391304347824,19.48832394366197,20.452225316455703,19.838926213592234,20.688541772151904,19.810062790697685,20.458099999999995,19.97014246575342,19.429958064516132,18.895636363636363,19.656064705882358,19.453381250000003,19.879940384615377,20.07582376237623,20.00113999999998,20.041283018867915,19.52852592592592,19.269165217391304,20.21181518987341,20.25741,19.328468,18.79458181818181
20.01902500000002,20.31215,20.080635294117638,20.42574901960784,19.92908421052632,19.951483495145624,19.563951111111106,19.47535957446808,19.527915294117637,18.652297826086958,17.541399999999996,18.870873333333332,18.260584615384612,17.60847671232877,18.854615384615375,19.091362068965516,18.637679999999996,19.06452727272727,18.516857407407393,19.133736842105275,18.268383333333333,18.66936666666666,18.225741052631584,19.16133157894737,18.413023655913975,19.195290140845064,18.897472340425534,19.389775700934578,19.206296774193547,19.87612608695652,19.293885245901638,20.254224999999998,19.634815999999997,20.477674074074077,19.61121395348838,20.251817241379307,19.727872727272732,19.167688888888886,18.63782325581395,19.41644927536232,19.21397727272727,19.644490721649493,19.82278000000001,19.762809708737862,19.82471089108911,19.31251612903226,19.002185365853656,19.992029629629624,19.974129824561402,19.13871914893618,18.59265384615385
19.84838510638297,20.14691929824561,19.911037647058823,20.254575,19.730449999999998,19.778000000000006,19.382977777777782,19.301677894736837,19.34148192771085,18.459374712643676,17.303706896551716,18.68317288135594,18.00930256410256,17.418039436619715,18.634548148148145,18.848915068493156,18.405521818181807,18.817794495412848,18.293000000000003,18.891192000000004,18.055577319587623,18.412163829787236,18.065009195402304,18.965482758620684,18.224399999999996,18.99295757575759,18.690752173913044,19.195589898989898,19.02173888888889,19.67316666666667,19.11922469135803,20.030749999999987,19.430091089108917,20.285415384615384,19.407749999999993,20.02452835820895,19.500783783783785,18.96861492537313,18.39770526315789,19.180638356164376,18.966368888888884,19.398244000000002,19.584818181818193,19.520664077669903,19.58315957446811,19.06937777777778,18.775890196078425,19.75892584269662,19.767355555555557,18.847091999999996,18.35068000000001
20.070354901960787,20.384186363636363,20.155118072289145,20.445541176470588,19.930825,19.940348387096773,19.564678947368428,19.55045591397849,19.55526419753087,18.6392253164557,17.79743181818182,18.774118749999996,18.896725581395348,19.684256140350875,20.486644444444444,20.247471794871792,21.724427184466023,20.2325679245283,20.548870909090915,20.082892631578957,19.888782524271846,19.775582716049385,19.54136161616162,19.751632,19.491442000000003,19.572039999999998,19.602933333333326,19.801623529411767,19.783271232876707,20.095251612903223,19.885298630136987,20.449455813953495,20.300508695652177,20.597531249999996,20.016749999999995,20.285550000000004,19.98571506849315,19.44110769230769,18.90262222222222,19.590088135593216,19.058170786516854,19.357148076923064,19.534992660550472,19.5169431372549,19.588107692307688,19.041749253731346,18.79625882352941,19.711284337349387,19.815266666666666,18.577199999999994,18.1796552631579
21.89507272727273,21.831674999999997,21.558712359550558,21.67489090909091,21.093700000000002,21.09570101010101,20.80282083333333,20.67796363636363,20.569166666666668,19.46125679012346,19.167650000000005,19.616150769230767,21.038059459459465,23.353116923076925,24.19358,23.073125,25.678423853211015,23.228242307692298,24.45738317757011,22.64701386138613,24.242353846153847,24.050745,23.597069473684215,22.48989454545454,23.55408453608248,22.22560000000001,23.549131999999986,22.652586538461534,22.840939622641514,22.47520975609756,22.889346268656713,23.017197560975603,23.505440860215053,22.80853846153846,22.86699361702129,22.21356538461538,22.42465074626866,21.653622222222214,20.8599552631579,22.115603076923083,20.48489894736842,20.35059587628866,20.06323636363636,20.481064077669902,20.044213333333328,19.669306060606047,19.422051162790698,20.001624096385534,20.039325,18.574796226415092,18.242162499999996
24.096583333333335,23.5896,23.066325925925923,23.51164411764706,22.373569230769224,22.505001941747576,21.937643902439017,21.99790515463917,21.75445116279069,20.325360465116294,20.260640677966098,20.721490909090917,22.698979487179482,24.950667692307697,25.63160750000003,24.526850000000007,27.09359029126213,24.590970000000002,26.32114150943396,24.44076129032258,27.003333333333334,27.256339759036152,26.63416989247312,25.20103606557378,26.889789361702118,24.910858333333344,26.833341463414634,25.316170000000003,26.00329411764706,24.780839024390243,25.965831884057966,25.26347272727274,26.773899999999998,25.234623684210522,25.70539009900989,24.635673076923084,24.905459259259263,23.691574999999997,22.79253636363636,24.392695522388056,22.16342352941177,22.06727400000001,21.338545999999997,21.975255769230763,20.937530000000002,20.88087123287671,20.486593442622944,20.8606,20.688708000000002,18.99006451612903,18.6816262295082
25.864847500000003,24.93994074074074,24.58029756097561,24.83339354838709,23.60411000000001,23.743637500000016,23.210087179487182,23.250746236559134,22.900960000000012,21.69859999999999,21.302856410256414,21.58814647887326,23.273725423728806,25.222730769230775,25.79530000000003,25.165370491803277,27.00270377358491,25.570106666666675,26.869465420560754,26.307676923076926,27.889784615384606,29.463207317073156,28.629630769230758,27.353189090909087,29.44955757575757,26.949666666666666,29.31004905660377,27.346032692307695,28.052575000000004,26.44464,28.205202898550727,27.261884615384623,29.42949999999999,27.41370526315789,27.874843478260885,26.602855555555557,26.745719402985078,25.536044827586203,24.900002298850577,26.372951515151513,23.66962588235294,23.558866666666653,22.725122772277235,23.487089908256884,22.306774311926613,22.33456962025317,21.93121643835617,22.038134939759036,21.542999999999996,19.829065517241375,19.473975384615382
27.26102558139535,26.034693750000006,26.05470208333332,25.910558490566043,24.512733333333337,24.749960919540236,24.27894594594595,24.297838636363636,23.862666666666662,22.16817021276596,21.839666666666663,22.001029629629627,23.651065517241374,24.900190624999997,25.376043037974682,25.91536603773585,26.755197916666674,26.28711789473683,27.369227184466038,27.760217021276596,28.327920000000017,30.49064,29.3317925925926,28.914056249999998,31.133099999999992,28.535988405797095,31.166933333333336,29.023902970297026,29.708775000000003,27.711432258064516,29.920137704918027,28.886230232558134,31.45617234042553,28.963681690140852,29.547674468085088,28.112600000000008,28.4145205479452,26.90592727272727,26.411781176470594,27.964783333333333,24.902842105263154,24.96237115384616,23.926383505154643,24.771568627450996,23.426011650485446,23.603672972972984,23.203531343283576,23.11759444444445,22.554432000000002,20.777022641509436,20.330524999999998
28.059602631578944,26.826994736842106,26.97566,26.64212580645162,25.28916842105264,25.46400919540229,25.099712500000006,25.12989999999998,24.629679999999997,22.844474468085117,22.459580645161292,22.4625027027027,24.0584625,25.319467567567568,25.961499999999997,26.5459754385965,27.13240202020202,26.796897872340438,27.82775887850467,28.700822727272726,28.752996039603946,31.189554999999995,30.00053414634146,30.075940909090903,32.01864565217391,29.651626086956522,32.099640909090915,30.043506249999997,30.65264905660377,28.667847368421054,31.028010909090906,29.941406451612902,32.627264,30.07302000000001,30.53565,29.264800000000005,29.61393580246914,28.10789090909091,27.62940555555555,28.870552631578946,26.017050526315774,26.252398165137613,24.96541414141413,25.75487524752478,24.45646037735848,24.47788888888889,24.36701159420291,24.238939999999996,23.518765517241384,21.846941176470583,21.244106666666667
28.553851282051284,27.261065217391305,27.529255000000006,27.413143283582098,26.01714222222222,26.11892820512819,25.749521739130433,25.829512765957464,25.344222499999994,23.572496551724146,23.240335849056606,23.04778181818182,24.585639393939385,25.836479999999998,26.5407888888889,27.211834042553193,27.73317171717171,27.32108349514563,28.376111111111104,29.238534782608696,29.29771400000001,32.19677882352941,30.105554901960787,30.448966666666664,32.251241379310336,30.169310526315783,32.33138048780487,30.472750495049524,31.111721311475407,29.065706976744192,31.43746000000001,30.52624057971014,32.988049484536084,30.725726582278483,30.669113131313143,29.97039999999999,30.555854545454544,29.381170270270275,29.344087323943665,29.367,28.093000000000004,27.503555789473687,26.374136538461535,27.709990825688067,26.217339393939397,26.390653164556976,26.132836666666677,25.916933333333336,25.146892753623188,23.43338823529412,22.66528484848486
28.151595833333335,26.878733333333336,27.981090322580638,27.504510000000003,26.466342028985515,26.33867749999999,26.080937499999997,26.116156250000014,25.795970114942545,23.920900000000017,23.663645000000002,23.564093333333332,24.994341379310352,25.999786440677973,26.7793,27.389600000000005,27.96512427184465,27.718097872340437,28.562410101010116,29.15283146067415,29.54705098039215,31.59430789473683,29.8363243902439,30.3052,31.47073333333333,30.253384210526317,31.59772499999999,30.126853608247416,30.824708474576273,28.943785185185188,30.872308823529405,30.500917647058834,32.16490000000001,30.752946153846153,31.00072391304348,29.789183999999995,30.62115802469137,30.134138235294117,31.327879487179487,29.530584615384615,31.12265957446808,28.820031775700926,27.943078846153846,30.234813333333342,28.08708301886791,28.8756,28.531017391304342,27.671724050632914,27.01615294117647,25.357983333333337,24.119426666666666
27.5752938271605,26.991044444444448,27.68713404255319,27.297145161290327,26.335714814814818,26.23249882352939,25.920282352941165,25.981333333333332,25.69894683544304,23.890011235955058,23.543950943396222,23.629519999999985,24.95889122807018,25.618500000000004,26.449694736842115,27.165992592592595,27.53732115384615,27.68149423076923,28.180062499999995,28.471684782608694,29.288208000000004,30.172808450704228,29.25255777777779,29.283399999999993,30.10642580645161,29.369572499999997,30.067155555555566,29.11238846153846,29.632999999999996,28.444428,29.914115625,29.90103098591549,30.656429787234043,29.854701234567923,30.0617111111111,29.426464406779672,30.187116853932572,30.368084848484845,31.817426086956534,29.583320588235296,32.87205909090908,30.356702970297018,29.298853703703692,31.663874999999997,29.538833009708746,30.365391780821913,30.3632076923077,29.0616075,28.09263703703704,26.638399999999994,25.262629333333333
27.141174999999997,26.863597101449276,27.15179587628866,26.867673333333332,25.99322105263159,25.969382608695646,25.69587916666667,25.743189361702125,25.345325000000003,23.789575,23.30208524590164,23.483695348837205,24.622529629629636,25.27618227848101,26.02305977011494,26.670236000000003,26.900799999999983,27.162392,27.441999999999982,27.635092307692307,28.300680808080795,28.553916129032267,28.187506930693065,28.028962068965523,28.526493617021274,28.092423529411764,28.45315,27.90818679245283,28.354505263157893,27.905690566037737,28.70620000000001,29.259049230769225,29.598125842696625,29.277007317073174,29.75714888888889,29.159435999999985,30.061832098765436,30.433418181818183,31.590257534246582,29.457898550724643,33.87978604651163,30.987713684210508,30.06497777777779,32.37037333333334,30.204281553398065,31.178345454545457,30.816334782608703,29.753149253731344,28.753341818181813,27.668749090909085,26.121668749999994
26.225872093023263,26.135756250000007,26.20843720930232,26.023711392405062,25.2578962962963,25.327569230769228,25.029333333333344,25.03011460674157,24.67489213483146,23.597815384615398,22.812119230769227,23.086391891891886,24.104253731343285,24.481087500000008,25.31706741573034,25.799799999999994,25.939646000000003,26.356816161616155,26.31625048543687,26.687300000000004,26.81784705882351,26.773310810810806,26.36935294117647,26.818831034482766,26.434447999999993,26.73790144927536,26.546304347826084,26.58864615384615,26.471508333333333,26.853806896551724,27.24039999999999,28.003969491525428,28.07108764044944,28.16992328767124,28.426420224719106,28.11523846153847,29.05993333333333,29.377888888888897,29.689497368421055,28.565054545454544,31.859536170212763,29.99941467889908,29.191849019607844,30.88656000000001,29.28272000000001,29.884150819672126,29.608324999999997,28.758101204819276,28.321822222222224,27.33872666666667,26.046003508771935
25.10480824742268,25.127635294117642,25.10390392156863,25.03424705882352,24.366386666666664,24.52284150943396,24.22098620689655,24.15659565217392,23.961815384615385,23.054673563218394,22.05176226415094,22.556445454545457,23.55862909090909,23.354155555555558,24.403676923076915,24.908622222222217,24.91284948453609,25.51372340425532,25.334299999999992,25.766079569892476,25.72016210526316,25.412765333333326,25.15416666666667,25.67598076923077,25.0575908045977,25.534140540540538,25.102320000000002,25.320522352941172,25.17695555555556,25.551487323943654,25.567458333333335,26.310352777777776,25.99903669724771,26.392634666666677,26.264138144329905,26.427498305084747,26.55337441860464,26.54864250000001,26.471339024390247,26.4473945945946,27.495626086956523,26.921662135922325,26.834400000000006,27.51037115384615,26.78896481481482,26.727576315789488,26.55044561403509,26.660333333333337,26.47799322033898,25.6906,24.83405454545455
24.221320792079197,24.386595454545454,24.23134629629629,24.19792608695652,23.70294588235294,23.834225688073396,23.514562500000004,23.45245742574258,23.28056086956522,22.258178,21.433583870967738,21.979156923076918,22.988000000000007,22.622002409638558,23.74920697674418,24.23632307692308,23.974386666666682,24.616882352941175,24.42541869158878,24.973954000000006,24.618215053763432,24.324280459770115,24.13286170212766,24.837352238805966,23.944057831325303,24.628700000000002,23.993333333333343,24.264116666666677,24.05841538461538,24.634898795180717,24.43960454545455,25.182726666666657,24.70617297297298,25.331360000000004,25.019450980392175,25.411772972972976,25.35113465346534,25.10174712643678,24.937493333333347,25.25002000000001,25.562966666666657,25.565499082568813,25.737389473684225,25.87034150943397,25.507724999999994,25.318632098765434,25.09498400000001,25.603503030303035,25.413050000000002,24.556213793103453,23.865280000000002
23.658028846153837,23.90416216216216,23.682100000000005,23.736274468085114,23.30024943820224,23.37013962264151,23.001215053763445,22.949978846153854,22.849680434782602,21.801307547169824,20.883366153846143,21.54687605633801,22.42672340425532,21.966115384615392,23.151438554216874,23.65861951219512,23.334811764705872,24.045314563106807,23.77389724770644,24.336867307692295,23.920947663551384,23.59802954545454,23.45811578947368,24.200197752808986,23.27641951219513,23.94734210526316,23.244365517241384,23.62656923076924,23.418272727272736,23.98667272727273,23.752808219178075,24.45762608695653,24.009518181818198,24.604818947368397,24.222576470588237,24.729945454545454,24.586456842105264,24.28729894736842,24.08279784946236,24.450406818181815,24.63409,24.790490740740736,25.01219433962264,25.020834862385318,24.776662499999997,24.49593333333333,24.252053333333336,24.851761363636378,24.70087567567568,23.83481403508773,23.162864999999993
23.276402083333327,23.522,23.295482978723395,23.40412608695652,22.981810000000007,23.042324999999995,22.64296091954023,22.610572549019608,22.522882758620693,21.497795999999983,20.536911764705884,21.2402493150685,21.96823902439024,21.556963218390806,22.724540594059402,23.228067469879527,22.896212844036686,23.61575172413793,23.3294125,23.91308318584073,23.468670370370372,23.192088372093025,23.016599999999986,23.757044444444443,22.79702178217821,23.526846153846147,22.847429508196726,23.209296629213476,22.94438153846154,23.54646216216216,23.291,23.922480459770124,23.640089320388345,24.09187777777777,23.666792307692297,24.26360701754385,24.044293333333336,23.741195061728398,23.422150617283954,23.897165853658535,24.048793258426965,24.24447706422019,24.481745794392513,24.439038532110086,24.261107547169825,23.881082500000005,23.620933333333333,24.319041304347834,24.220236,23.307199999999998,22.577304347826086
23.03248631578947,23.266751282051278,23.074733980582536,23.175068085106393,22.7532564102564,22.81343148148148,22.417478651685386,22.40438269230769,22.278371764705888,21.310518000000013,20.392101492537314,21.08341388888888,21.7762,21.44320449438203,22.527115789473694,22.97136923076923,22.65926981132074,23.369223423423414,23.052949090909106,23.640619298245614,23.224340594059413,22.93540000000001,22.73270624999999,23.45689156626506,22.512906849315048,23.219599999999996,22.53486274509804,22.8809953488372,22.62999,23.232072727272723,22.99605161290323,23.61805098039216,23.350253703703704,23.791106250000016,23.302047272727272,23.918316666666673,23.70535624999998,23.378974712643682,23.010372916666668,23.49645813953489,23.640468000000002,23.869295145631057,24.04230280373832,24.062749999999998,23.895812844036715,23.50158333333333,23.289584444444447,23.991393749999997,23.890262686567162,22.982912500000005,22.266050666666665
22.81039587628866,23.041768181818195,22.88095700934582,22.98007272727273,22.577538461538452,22.621852336448576,22.211218181818175,22.18462083333335,22.076356818181818,21.094119999999986,20.18986229508197,20.881772839506166,21.528925000000008,21.106322105263153,22.270855421686736,22.74315277777777,22.407774999999997,23.119592452830183,22.824086538461533,23.3969625,22.980132692307695,22.670945833333334,22.48292608695652,23.227237974683543,22.254982716049383,22.94811395348837,22.267345454545453,22.613038202247186,22.353233333333343,22.954533333333327,22.674370786516842,23.314932631578955,23.02029811320755,23.489862921348326,22.966100000000004,23.576969444444444,23.370864367816086,23.014948314606734,22.655781818181826,23.159679999999994,23.228510588235295,23.521394230769236,23.682818518518523,23.69067358490565,23.554657692307696,23.1449397260274,22.908079411764703,23.648802083333326,23.5567918918919,22.563350000000014,21.861833333333355
22.567496153846157,22.798037209302333,22.655036538461534,22.735808695652167,22.323950000000007,22.367151351351335,21.98855609756097,21.90672525252525,21.826219565217404,20.909397938144327,19.939272727272723,20.6754756097561,21.211831999999994,20.861645333333335,21.973374193548374,22.401054054054054,22.02338348623852,22.753998058252435,22.39957333333334,23.007057894736842,22.55726451612904,22.250179381443306,21.97631860465116,22.80341818181819,21.802730864197525,22.530663414634137,21.811556363636363,22.29217078651686,21.956589041095906,22.641260000000013,22.270292307692312,22.970283333333338,22.690818691588774,23.189881818181814,22.569906666666665,23.235858666666665,23.002366666666667,22.5730275,22.26091111111112,22.78808705882353,22.819742499999986,23.158854736842105,23.282309433962244,23.32474528301887,23.225765656565663,22.778715068493145,22.54137538461539,23.335099999999986,23.27266000000001,22.328240740740746,21.640975342465758
22.314507368421054,22.529909090909094,22.421964583333345,22.4951724137931,22.06743146067416,22.12246666666666,21.717283333333324,21.65289999999999,21.58601075268817,20.696254000000003,19.71162,20.499224999999996,20.97320754716981,20.666172839506174,21.729284782608698,22.092098947368413,21.68325046728971,22.409899082568817,21.98874774774774,22.63672871287129,22.130199999999984,21.784325773195878,21.634127450980383,22.428084210526315,21.419091111111108,22.160569999999986,21.420694915254234,21.89511250000002,21.63041882352941,22.347049999999996,21.928108235294133,22.645061538461533,22.32229333333334,22.840937634408586,22.187945283018866,22.8849447368421,22.629945454545457,22.12157317073171,21.82718947368421,22.372169230769227,22.421584090909093,22.79619074074074,22.90644423076923,22.94454117647059,22.859800000000007,22.44303076923077,22.187746153846156,23.016200000000012,22.941673417721525,21.96719672131148,21.391836363636376
22.102682568807346,22.301313953488375,22.213576470588244,22.290799999999994,21.87665432098766,21.89212000000001,21.558540229885065,21.406061538461543,21.369146236559143,20.42950103092783,19.335835294117647,20.269868852459,20.62152558139535,20.12571395348837,21.374520430107534,21.774327499999988,21.376513461538455,22.095127777777787,21.74613153153151,22.35645333333334,21.843025742574277,21.476366666666667,21.333828865979388,22.162648275862058,21.113291139240502,21.93238873239436,21.154439344262293,21.67784556962025,21.394890909090925,22.108717948717953,21.682919101123595,22.35009791666666,22.089825688073397,22.582480851063846,21.870791919191934,22.562091891891892,22.243526436781607,21.80327945205479,21.476644680851074,22.065324137931032,22.051138461538454,22.431775925925923,22.553435514018688,22.57550925925927,22.527053703703707,22.042825882352943,21.791760655737697,22.645326436781613,22.571549333333348,21.47418888888889,20.939128947368424
21.859431372549043,22.05731363636362,21.994099999999978,22.079213483146074,21.654750000000003,21.678851485148495,21.262518072289158,21.176321649484574,21.156212658227858,20.24970192307691,19.19692542372882,20.13620327868853,20.397995454545452,20.055458426966283,21.126313636363633,21.495818181818187,21.0829709090909,21.80495490196079,21.410547747747746,22.04870086956522,21.507588461538475,21.18598202247192,20.9733,21.85593913043479,20.756421739130445,21.64534430379747,20.8116,21.387792771084342,21.110242105263154,21.877955294117662,21.36415890410959,22.117236956521726,21.784946788990844,22.301200000000005,21.55601568627451,22.27541846153846,21.944249411764716,21.49725,21.14556862745098,21.737155555555553,21.723236144578316,22.114238834951433,22.24169999999999,22.2404037037037,22.210240776699024,21.73860740740741,21.477055421686746,22.350095744680857,22.306838356164377,21.354592592592592,20.724216666666678
21.662755789473678,21.845995505618,21.801209708737872,21.88606391752578,21.449110416666667,21.48143859649124,21.126202272727273,20.9854,20.95701616161616,20.084243999999998,18.982656716417907,20.02572647058823,20.146915,19.761839473684205,20.902990697674422,21.252857894736852,20.823288073394494,21.545374999999993,21.142524999999996,21.77324901960784,21.224267326732672,20.92395000000001,20.696703448275866,21.56174545454546,20.45126153846153,21.332769444444452,20.58904057971015,21.128772916666666,20.86739466666666,21.694144444444444,21.10225063291139,21.891827272727287,21.481596330275234,22.04089438202246,21.25213773584905,22.024406976744174,21.65934949494949,21.150959999999998,20.794085106382973,21.42609999999999,21.405539393939396,21.777233009708745,21.94097864077671,21.92671296296296,21.911559259259253,21.435236363636367,21.15730789473684,22.05437450980391,22.026099999999992,21.02350724637681,20.447804878048792
21.454003738317738,21.648289411764722,21.62845333333334,21.740762500000002,21.244281395348835,21.286396261682253,20.85918157894738,20.79523495145632,20.762084210526304,19.87826666666666,18.78614339622641,19.907421052631577,19.927469565217397,19.44677906976744,20.670953846153854,20.999078260869545,20.60147647058824,21.293132038834976,20.889737499999992,21.539730841121514,20.967776363636375,20.683727710843375,20.45116631578947,21.361091764705872,20.20701538461538,21.085863888888895,20.392127868852462,20.913541304347813,20.646854054054057,21.483497560975614,20.87447415730337,21.734602298850582,21.273612612612613,21.835046666666685,21.02122666666666,21.78664096385542,21.400936363636365,20.911479452054778,20.526602325581397,21.175873170731702,21.133735483870964,21.506834615384605,21.71985660377359,21.687906666666667,21.67555700934579,21.158628888888877,20.896261111111095,21.813543478260875,21.790681250000002,20.773431578947363,20.187387804878053
21.33437204301077,21.556767500000014,21.532212765957453,21.660014583333336,21.17032839506175,21.205171698113208,20.757430769230762,20.734527083333337,20.677561290322583,19.928870212765954,18.955329230769237,20.036121739130436,19.962385454545455,19.626888888888896,20.68634375000001,20.95223,20.558967307692317,21.226620754716986,20.84192452830189,21.459436538461528,20.881527083333328,20.633306818181822,20.338852083333336,21.292322666666667,20.08313333333332,20.992832876712328,20.27812363636363,20.79589772727273,20.521782926829275,21.353790697674416,20.73706060606061,21.61993846153847,21.130377358490566,21.72865384615384,20.88990666666666,21.655516455696205,21.240456521739127,20.763839080459768,20.36238383838383,21.043612048192767,20.97799368421051,21.352687037037033,21.590787500000005,21.550774074074084,21.527554716981136,21.0301518072289,20.744451851851842,21.71674468085107,21.643955263157892,20.654800000000005,20.08011794871796
24.0792294736842,23.741344186046515,24.469381308411226,24.73600449438201,23.95472727272727,24.27417058823529,24.662886046511627,25.19309090909091,24.178384615384623,21.28911886792453,20.78129259259259,21.289068852459014,21.678711538461535,21.351618181818182,22.48204266666667,25.07737910447762,25.32657307692309,32.70625925925926,31.12462524271844,28.47703177570093,29.34111521739131,29.963301176470583,26.759019277108433,25.86032162162163,25.927862162162153,26.665335999999993,26.683324444444448,26.21641136363636,26.67171176470589,24.53391034482759,21.82570909090909,23.058348000000006,22.185233333333326,23.65529999999999,22.62394666666667,22.986392941176472,23.816073684210522,23.780777272727274,23.256353535353544,23.609499999999993,22.306864220183492,23.012621782178222,22.877422018348625,22.03659999999999,21.943594230769236,21.40117283950618,21.22070847457627,22.136519587628868,22.49944,23.145993220338987,23.015971794871785
24.81149333333334,23.538190588235288,24.169079999999997,22.88091546391752,23.523484337349398,22.898818518518524,25.03873617021276,25.719958823529414,24.511976842105263,22.2245981651376,22.116633333333333,22.899134246575347,23.42417500000001,22.77090823529412,24.50967741935485,27.270733333333332,28.025087719298238,35.40985294117645,33.938957894736845,31.905925925925928,32.82071599999999,33.562392405063285,29.987985365853653,28.958013333333334,29.952738461538477,29.679946666666673,29.398743478260872,29.4592090909091,29.658791549295774,27.26075384615385,23.094183333333344,22.985636170212757,23.195850909090915,23.125161165048542,23.481702702702698,23.076327027027034,22.69249999999999,23.254461728395054,22.224064516129044,22.70036559139785,21.39204,21.739203960396047,21.257005504587163,20.803418348623854,21.16920754716981,20.034748235294117,20.324866666666665,21.189525531914892,22.49249600000001,23.3988,23.76843943661971
25.841663043478256,24.272673170731707,24.95815294117647,23.62276585365853,23.55233333333334,23.10112500000001,23.01058,23.512257731958755,22.777846153846156,23.194880808080814,23.278430434782603,23.883083333333335,24.34130434782609,24.147519999999997,25.34264615384617,28.64324590163935,28.83641414141413,37.055281481481494,34.64647777777777,33.621880000000004,34.9012147368421,35.21106666666666,31.840144680851072,30.506852459016393,32.18843921568627,31.56311466666666,31.195244444444445,31.300495454545466,31.4465962962963,28.57014545454545,24.56680229885058,24.226655000000008,25.380280808080805,24.105640506329106,25.61405057471264,24.419809230769232,23.68829425287356,24.941973333333337,23.20637411764706,23.72768333333334,22.03912903225807,22.046040366972484,21.402805607476633,21.266425000000005,21.60258703703705,20.512832432432436,21.115073333333328,21.80958461538462,22.55070270270269,21.835591111111118,22.15115405405405
23.69314588235294,23.023727272727264,23.087704444444455,21.7702705882353,22.27404918032786,21.682252631578947,22.174376470588232,22.36178181818182,21.96896790123457,22.709849462365597,23.248097777777776,23.057701492537312,23.3122896551724,22.54700547945206,23.73320821917808,27.352941935483877,27.008680373831776,33.85102330097087,31.794652336448593,30.859569696969693,34.58549999999998,33.92253000000001,28.87149438202247,27.78147878787879,29.026370967741933,27.979087128712884,28.385508695652167,27.789776470588222,25.99362222222222,25.55907887323944,23.57690434782609,23.03405205479452,24.485244680851068,23.62146511627907,25.719034482758616,24.42922545454546,23.601445977011494,25.48985671641791,23.14526,23.97186666666667,20.62158888888888,21.07439223300971,20.652030434782606,19.93359259259259,19.835384158415835,18.28102222222222,19.084151351351352,21.149313157894735,21.8203,21.03145283018868,21.26058518518519
22.460928735632187,22.535689855072473,22.354578723404263,21.68543333333334,22.056516129032264,21.17515145631068,22.57330638297873,22.978980645161286,22.375269767441864,23.23865365853659,23.706043243243236,21.997107462686568,22.776200000000003,21.65997846153846,22.70222921348315,25.999668421052633,25.515599999999996,29.86055384615385,28.893605555555556,28.60119999999999,32.956907317073174,32.38344000000001,26.704391578947366,26.730599999999992,27.168222222222216,25.741521276595755,26.968776666666663,26.39364040404041,23.031385964912282,23.30436363636364,23.544832098765436,23.304634782608694,25.114388000000016,23.942074468085114,26.376162500000003,25.02736721311475,24.24515250000001,26.662506250000014,24.18578983050847,24.66993538461539,20.943384210526315,21.48530196078432,20.876260784313725,20.15572592592593,19.748762264150937,18.932488888888898,19.735560000000003,21.31684444444445,22.504840677966104,21.908867796610163,22.408085333333318
22.622306382978717,22.65230384615385,22.656056790123454,21.727760000000014,21.94386296296296,21.45431666666666,22.100676923076918,22.273863157894734,21.89383181818182,23.30843488372092,23.81289454545454,21.884021538461536,22.58613134328358,20.86935,22.501584210526314,25.649459090909094,25.002059793814432,28.655618000000015,27.901899999999998,28.13690784313725,32.27956000000001,32.27821249999999,26.939560416666666,27.286501408450707,27.665786440677973,26.151272916666667,27.868232258064516,26.890904651162792,23.638985964912276,23.584662068965518,23.672546666666666,23.596009876543203,25.488367307692307,24.3333,27.04044040404041,25.454726923076915,24.46395111111111,26.918244444444433,24.09858125,24.761918749999996,21.391799999999996,21.878216161616166,20.748433663366338,20.32764485981308,19.881432075471697,19.066468656716424,20.588706976744177,21.35182500000001,22.252608333333338,21.53479545454545,22.013511864406784
22.558799999999998,22.697773333333327,22.66411612903226,21.811476056338034,21.959622580645163,21.49564,22.198504166666666,22.392593258426977,21.928799999999992,23.53084871794872,24.0792,22.20605090909091,22.829492592592594,21.14075555555556,22.752536986301358,25.82128461538462,25.47140754716981,29.547375471698132,28.312263551401863,28.557000000000006,32.44400594059405,32.097678124999995,26.79897391304348,26.997056338028163,27.2285724137931,26.01152083333335,27.2628,26.547416091954034,23.487963934426226,23.454151851851844,23.55383055555555,23.579842105263157,25.16622999999999,24.436805405405405,27.102309090909085,25.531875000000003,24.580597183098604,26.87655555555555,24.340782758620687,24.607750724637686,23.0595381443299,22.477694230769227,21.13179999999999,20.629320000000007,20.026213207547165,19.402986111111115,21.581642424242435,21.36928837209302,22.145363934426232,21.545293333333337,22.18375555555556
22.423436559139784,22.67178518518519,22.339057534246578,21.94013125,21.857296296296298,21.597390384615387,22.125208333333333,22.318969230769238,21.73149333333333,23.40692954545455,23.900827272727273,21.997613043478253,22.817214545454547,21.06782916666667,22.570643678160916,25.719632786885246,25.336580198019803,29.330868686868687,27.974163106796116,28.309941052631583,31.824377528089887,31.20174375000001,26.33710617283952,26.014286363636355,26.292510638297887,25.395549999999993,25.778495652173913,25.64166363636364,22.78068292682927,22.952035294117646,23.10208615384616,22.84453023255815,24.505560869565212,24.288946987951803,26.749093333333338,25.475038888888886,24.395325490196083,26.67441643835617,24.447534246575337,24.48023,25.551100000000016,22.3156,21.330223762376242,21.85736315789473,20.69580776699028,21.83309090909091,23.087934883720926,20.78447906976744,22.00575882352941,21.45748124999999,21.90472000000001
22.023766666666674,22.382082666666665,21.877157303370797,21.763506666666668,21.70557777777778,21.562537373737374,21.85413333333333,22.015062790697673,21.80425316455698,23.23219999999999,23.764999999999993,21.91662903225806,22.745924,20.977431372549017,22.429906666666664,25.49208,25.143390291262133,29.20979999999999,27.821530841121497,27.983636170212776,30.713216666666664,29.941084,25.239844680851064,25.13282352941177,25.19033333333333,24.263037500000014,24.320840000000004,24.502816666666668,21.77304255319149,22.1544,22.66216666666666,22.15516790123457,23.425565591397856,23.88101025641025,25.884993181818196,25.024688372093024,23.884848387096774,26.120938461538458,24.199836923076923,24.000855263157895,26.54002666666666,22.70319029126214,21.69584583333334,23.34089090909091,21.659999999999993,23.41151666666666,24.136027272727265,20.925421686746983,22.201644444444437,21.57166538461538,21.895922580645156
21.703281927710833,22.166449999999998,21.542145454545455,21.95210810810811,21.750469696969688,21.699573333333323,21.928615094339623,22.041806249999997,21.485117894736845,23.23704615384616,23.443916981132073,21.862343750000004,22.591047457627123,20.812212499999998,21.982757647058833,24.954449315068494,24.488107692307686,28.234275247524746,27.02609433962264,27.278486363636365,28.89845684210527,28.329575438596496,24.141818181818177,24.445276666666665,23.7908,23.197951578947364,22.737701639344273,23.164383999999995,20.734375999999997,21.81322758620691,21.32955409836065,21.31867575757576,22.198392452830184,23.480269879518072,24.61003595505618,24.043256521739135,23.085706896551724,24.930997333333337,23.933265671641795,23.667660869565218,27.386608080808102,22.863576146788997,21.945643750000002,24.071098148148153,22.16058348623854,23.8879734939759,24.301379999999995,21.347970731707324,22.43608363636364,21.790568421052637,22.07693076923077
21.69646292134831,22.079458666666667,22.167876923076925,22.13811794871794,21.678388059701497,21.8557375,21.774063157894744,21.927049999999998,21.45141489361704,22.815700000000003,22.627662500000003,20.84726111111111,22.112154838709674,20.19781846153845,20.82780769230769,23.41373333333333,22.976740384615372,25.11653269230769,24.75690873786408,25.17200606060605,25.890004545454556,25.496731343283585,22.587790243902447,23.07318113207547,21.752696969696974,21.530334020618557,21.15762909090909,21.774525773195876,19.622766666666664,21.639442105263157,20.499531250000008,21.45619775280899,20.97473535353535,23.010252272727268,23.334313580246913,23.143434615384606,22.377090243902437,24.027124590163943,23.255946153846146,23.121987692307698,25.7785,22.541533333333334,21.622400000000003,23.022983486238527,21.48576237623762,22.888500000000004,23.427281250000004,20.84018333333333,22.35494193548387,21.7426,22.02959999999999
23.318209411764695,23.320786842105264,23.44421720430107,23.49036417910448,22.88475733333333,22.94479615384616,22.843274509803926,22.950692307692307,22.577350000000003,23.356122580645167,22.99819512195122,22.577321621621614,23.57454666666667,23.14875151515152,23.766676923076925,24.456546666666668,24.266053333333346,25.041430769230775,24.741125233644865,25.14631294117646,25.299880487804856,24.96407777777776,24.26263146067415,24.67443333333333,24.200138461538454,24.24066666666666,23.9683064516129,23.854936633663375,23.5023125,23.69897826086956,23.55295135135135,24.35453902439025,24.192600000000013,24.593777777777785,24.426866666666655,24.677977358490566,24.830702499999994,24.878093103448276,25.204836842105266,24.823122033898297,25.73732499999998,24.948953684210526,24.353966990291266,25.609215789473666,24.51822268041237,24.9800904109589,24.962553333333332,24.201870270270277,24.48545666666666,23.541157894736845,23.224393220338982
23.96836666666666,23.987309090909086,24.061221782178215,24.016917073170735,23.513384615384613,23.56379807692309,23.349160869565225,23.451761702127655,23.165765116279076,23.668581609195392,23.227540983606552,23.267355555555547,24.21951343283581,24.17648813559322,24.597666666666658,25.010498360655742,24.847905660377368,25.539386407766983,25.151477669902924,25.506240449438195,25.63060919540231,25.327766666666673,24.846690243902447,25.13404473684211,24.75491724137931,24.84357021276596,24.606702127659577,24.468101123595503,24.26944090909092,24.318994871794878,24.26852048192771,24.812916666666666,24.597132692307696,24.951487500000002,24.70176923076922,25.080725000000005,24.978896874999997,24.971155555555562,25.06917230769231,24.875287323943684,25.388298989898974,25.128153535353526,24.76216880733944,25.549711538461523,25.093009345794396,25.05917021276597,25.185179104477605,25.179305263157882,25.118311111111108,24.26335600000001,23.722925925925917
23.789768421052624,23.895389655172412,23.95805333333334,23.939594366197177,23.52095813953489,23.55788349514561,23.322441666666663,23.38076382978725,23.186673417721526,23.307830434782595,22.813096875,23.15562933333333,24.165066666666668,24.09967500000001,24.60845526315789,24.978022580645163,24.619239603960388,25.43597499999999,24.90881666666668,25.36560235294119,25.297948837209297,25.090606666666666,24.668054736842112,24.933641095890415,24.504,24.696844186046516,24.35390800000001,24.27009072164948,24.011844444444446,24.132135849056606,23.975366666666666,24.567286666666668,24.291734736842116,24.683975438596484,24.404325581395337,24.80167924528302,24.662234375000004,24.597415384615378,24.523023333333324,24.641533333333335,24.84553737373737,24.77761333333334,24.68684329896908,25.052318867924523,24.838660377358497,24.608980487804875,24.778216216216222,25.01745633802817,24.872786440677963,24.053970833333327,23.471416393442635
23.447344186046507,23.61123384615383,23.596142465753427,23.65474545454544,23.342450000000003,23.370018947368425,23.152711111111113,23.202321951219517,23.019382716049382,23.385389473684196,22.698983606557377,23.008161111111107,23.93633,23.96183773584907,24.431156164383573,24.810153125000006,24.38393333333334,25.207424999999994,24.61067169811322,25.121966666666676,24.96701075268818,24.797484337349395,24.36172903225806,24.654561111111114,24.179467999999993,24.4191264367816,23.97186666666666,23.90886666666668,23.624004,23.611249999999995,23.43408000000001,24.074066666666685,23.867126923076924,24.212033898305084,23.98228539325843,24.278,24.27475890410959,24.180640677966103,24.077845161290323,24.29402222222223,24.442602083333338,24.472786666666675,24.49284509803923,24.69513269230769,24.46477272727273,24.23693333333334,24.293244444444447,24.736764864864874,24.549884745762718,23.72434375000001,23.186407272727283
23.12514430379747,23.33605074626866,23.282868085106376,23.415767164179105,23.108393333333325,23.16626407766991,22.9489423076923,22.97435111111112,22.803153846153855,22.665064516129032,22.202012121212118,22.702357377049175,23.71225373134328,23.714916216216224,24.197639999999996,24.63874915254237,24.144688888888904,24.906548148148158,24.348063636363655,24.86485454545453,24.663563218390788,24.473211267605638,24.075000000000003,24.347440000000002,23.884032432432434,24.126715662650607,23.66677931034483,23.602781443298962,23.25942222222222,23.258006666666663,23.01422424242422,23.687250602409645,23.462500000000006,23.894312499999998,23.615888607594933,23.917744186046523,23.935077777777774,23.824441791044777,23.712399999999995,23.99402950819672,24.08110000000001,24.164532038834952,24.203114583333335,24.36669411764706,24.191767924528303,23.90415333333333,23.85429295774647,24.475851612903224,24.299204878048783,23.468767441860468,22.938754716981133
22.833512941176483,23.069008695652165,22.99649743589745,23.179172602739726,22.866283076923075,22.965055769230762,22.738430769230757,22.749292105263155,22.571328205128204,22.163008988764037,21.883547058823538,22.398322388059693,23.45902545454545,23.38351200000001,23.953316666666677,24.329265454545453,23.860612371134017,24.596340594059406,24.076026666666667,24.564255696202522,24.371882352941185,24.12826086956522,23.759562499999994,24.11469830508475,23.56213333333334,23.823997499999997,23.349407999999997,23.302592682926825,22.955962499999995,22.966158823529412,22.677878873239433,23.392145679012337,23.162465263157895,23.66431874999999,23.282144578313247,23.604237037037038,23.635837499999997,23.510898245614037,23.394790909090908,23.69222352941176,23.714978947368422,23.86708627450979,23.95131067961165,24.03929391304348,23.915125490196107,23.598116923076923,23.47691176470588,24.187626865671636,24.011729824561403,23.11182333333333,22.687386440677948
22.534156626506025,22.84833898305085,22.725352808988756,22.95666923076922,22.665222580645164,22.75819433962265,22.490585000000003,22.53165806451613,22.363721518987347,21.849498850574737,21.586510144927544,22.139407547169817,23.18207540983606,23.054193442622967,23.65006111111112,23.948199999999996,23.455661538461545,24.111250485436905,23.737040000000004,24.203513636363642,23.996073118279572,23.7381432835821,23.395606741573033,23.809174999999993,23.16653999999999,23.5094,22.94612340425532,22.977696969696968,22.59448292682927,22.62852,22.36245,23.08189999999999,22.87260000000001,23.4143320754717,22.95515730337078,23.29024615384615,23.30626,23.23828787878788,23.094257575757577,23.455372727272728,23.42085,23.600439622641492,23.702400000000015,23.750431192660564,23.657557692307705,23.329422222222224,23.156579104477604,23.923515254237287,23.738784615384606,22.831603508771924,22.36468695652175
22.208782278481014,22.62767450980392,22.43190465116279,22.703445454545445,22.382909090909088,22.495093457943913,22.20419661016949,22.213341860465118,22.094921951219508,21.64186021505376,21.266320000000004,21.889191666666676,22.712157377049177,22.406647999999993,23.237169014084508,23.618075000000005,23.079531372549017,23.59195800000001,23.269618181818174,23.705242696629217,23.38995609756098,23.33739493670886,22.980063043478253,23.3694,22.72132173913043,23.04836551724138,22.517780000000005,22.5983,22.18635087719298,22.316032432432433,21.950752000000016,22.71553978494623,22.51642666666666,22.992829787234037,22.57827272727272,22.972675,22.951779999999996,22.81869850746269,22.617709375000008,23.061516666666662,23.089714606741577,23.285962616822424,23.40745825242719,23.346500990099017,23.345376991150424,22.914504477611946,22.720640000000003,23.613646153846155,23.362662500000003,22.593863636363633,22.089428124999998
21.92520253164557,22.341379999999997,22.124458139534873,22.382707317073173,22.022425000000002,22.10849719626168,21.767515254237278,21.798843478260856,21.71764418604652,21.27859578947369,20.923495522388063,21.52224848484849,22.111325,21.65490256410256,22.76205454545454,23.11590666666666,22.628190099009895,22.94555,22.662034234234216,22.980226923076927,22.395207407407412,22.754973033707863,22.407968421052633,22.654128947368417,22.0856,22.383040425531913,21.91305573770492,22.044985567010315,21.555897435897432,21.90878297872341,21.548233333333336,22.300053191489372,22.168065957446807,22.60949166666667,22.131970731707312,22.56482,22.545733333333335,22.40854062500001,22.166123333333342,22.488907692307695,22.62618064516129,22.822425490196075,22.972360000000005,22.78913211009173,22.88251401869157,22.31114000000001,21.95519677419356,23.15135,22.764799999999997,22.09078823529412,21.7101052631579
21.691739240506326,22.067927868852465,21.858566666666675,22.104531818181815,21.764813333333333,21.792580000000008,21.453592452830183,21.436115068493155,21.382752808988762,20.959631578947373,20.565511111111103,21.200333333333337,21.669100000000004,21.24637777777778,22.3418,22.619459016393435,22.186899999999984,22.546293333333338,22.2045125,22.562900000000006,21.928507462686564,22.289807500000002,21.95671139240507,22.197891666666674,21.60796666666667,21.916487179487188,21.396268,21.618684444444447,21.03363125,21.57237826086956,21.131389473684216,21.917020202020215,21.78933846153846,22.21202,21.753851851851852,22.219453658536583,22.17254,21.99166000000001,21.726920000000003,22.11338904109589,22.213296969696977,22.455962376237625,22.609948514851485,22.379418518518534,22.51778,21.91366582278481,21.512458064516142,22.750833333333325,22.44239259259259,21.767526086956515,21.354486206896546
21.41284324324325,21.792477611940303,21.66218974358976,21.841776000000003,21.422890909090913,21.48016730769231,21.132549999999995,21.098668292682934,21.094808988764047,20.66092500000001,20.267422641509427,20.92301846153845,21.332050000000006,20.835298181818178,21.96207916666667,22.156359322033897,21.791400000000003,22.139733333333325,21.760274999999986,22.138829473684215,21.49316986301369,21.83729090909092,21.462369620253174,21.72442545454545,21.087400000000002,21.393999999999988,20.875496,21.104532673267315,20.505077777777775,21.1987,20.67311475409836,21.556983333333342,21.400589898989896,21.851937254901962,21.30883333333335,21.83034418604652,21.76968611111111,21.620644444444462,21.27579333333334,21.746455737704927,21.807195698924726,22.061197999999994,22.239529292929294,22.00174528301885,22.135515887850463,21.511772307692304,21.094505660377358,22.376961538461536,22.057118749999997,21.418612000000003,21.02706933333332
21.2421552631579,21.5956,21.515217977528096,21.679729230769222,21.24919130434781,21.299774509803914,20.92332,20.915549999999996,20.921284615384604,20.530702173913056,20.133738983050858,20.774279452054802,21.151584615384614,20.75412432432433,21.7612338028169,21.994014545454544,21.60754375,21.947013207547155,21.606139622641518,21.962555555555547,21.339185882352936,21.642367088607593,21.301164444444442,21.602727272727257,20.942392307692305,21.261135483870966,20.765575000000002,20.970337209302333,20.404502702702704,21.01357560975611,20.455633846153837,21.317090322580654,21.21121165048544,21.65881,21.10253012048192,21.61998048780487,21.528932394366194,21.457239473684194,21.162670588235287,21.541567567567593,21.545232558139535,21.820417821782197,22.0270826923077,21.787984466019427,21.89318749999996,21.226648148148165,20.801397260273966,22.143000000000008,21.812425,21.125396000000002,20.722093333333337
21.178465882352956,21.535786206896553,21.446009195402297,21.617822535211264,21.19713200000001,21.234729411764686,20.847377777777773,20.892190588235284,20.890671232876716,20.491933333333343,20.195382758620696,20.831199999999995,21.110695999999997,20.826825000000003,21.70766086956521,21.876124999999988,21.52406,21.85321296296297,21.56201359223301,21.876184466019392,21.305765000000005,21.551565333333333,21.221427659574466,21.563713432835836,20.911180645161284,21.233113953488374,20.760741379310343,20.957568421052617,20.4912524590164,20.92814054054054,20.310760606060605,21.182616470588236,21.072645098039224,21.544196226415103,21.027549999999998,21.542288000000006,21.47535555555556,21.50130810810811,21.178295522388048,21.532562162162147,21.480205000000012,21.811519565217434,21.994585106382967,21.757254205607488,21.82726111111111,21.17093333333333,20.766121874999996,22.09731494252871,21.781639344262302,21.115239344262296,20.679300000000005
22.270185882352948,23.519566153846153,24.956285416666663,24.98866153846154,23.639262962962963,24.352241999999983,24.350625000000004,24.76946913580247,23.914079545454555,20.9864923076923,20.844373770491803,20.909118032786886,21.348469565217385,20.65104333333333,21.581226666666666,23.982226666666666,24.88568316831684,30.850336082474225,29.56518834951457,27.405458426966284,28.164222535211266,28.552102777777787,22.826032608695655,23.208771875000004,21.119755555555553,21.99914222222223,20.73124,20.64457391304347,19.447299999999995,21.68898823529412,20.586468493150686,22.006649438202235,20.949987878787883,22.771992000000004,21.3720375,22.05354583333333,22.123030555555555,22.313407017543856,22.127961290322578,22.2165,21.242997979797977,21.57571176470588,21.560614,20.53983846153847,20.5079831775701,20.106904615384618,19.261800000000004,21.2694512195122,22.661275757575755,22.888325000000005,23.027524590163928
22.502049484536073,23.328372881355936,24.78147111111111,24.445844444444447,23.866859701492537,24.5982,24.979968749999998,25.42658333333334,24.154595121951225,21.13423777777779,21.15775,20.886509589041097,21.34388518518519,21.325898630136987,22.198676923076913,25.08482608695653,26.345954000000003,33.07922115384617,31.39022884615384,29.143250526315803,31.912074626865678,31.291895522388057,23.728944086021507,24.614000000000004,22.90839166666666,22.682760869565215,21.43089122807018,21.904195744680848,19.5376,22.074358823529412,20.92715223880597,22.280130000000007,21.3329797979798,22.979008955223886,23.15699789473683,22.719492682926827,22.987501538461544,24.06470169491525,23.296167272727274,23.406943661971827,20.85490967741936,21.569898113207547,21.3457494949495,19.521520388349515,19.048971999999996,18.69344307692307,17.29852615384615,19.814125301204818,22.605146268656707,23.233964,23.714266666666667
21.925021686746987,22.247383050847464,22.103333333333353,22.332162318840574,22.0864,22.20380618556701,22.39689411764705,22.80723636363637,22.205883333333368,21.59175,21.79471818181818,20.98896393442623,21.641386885245907,21.76375555555555,22.304330555555566,24.471355555555554,25.264916,26.922284313725488,27.631484112149526,26.395949473684208,28.858851851851856,29.157581538461542,24.270683870967733,23.986263013698625,23.92356666666666,23.069785416666672,22.95646363636364,23.32767096774193,20.532975862068973,22.018256410256406,21.48671111111111,21.08494054054053,22.715874509803918,23.26001470588235,24.39546,23.590068965517244,23.390191891891888,25.09903098591549,23.872082352941174,23.825881159420284,20.471122772277234,21.447077669902924,20.998262264150952,19.5823743119266,18.937327927927928,18.235516417910443,17.435806250000002,19.685363636363636,21.646886666666667,21.703073333333343,22.20255737704917
21.939176470588237,22.307243333333336,21.924169230769213,22.147219178082196,21.765420000000006,21.819585567010304,21.959107407407405,22.273989361702128,21.94528181818181,21.867099999999997,22.361013793103446,21.084548148148148,21.865175384615387,21.49425365853659,21.838259701492532,24.29910294117647,24.30068269230769,25.4542153846154,26.248097872340423,25.651800000000005,28.36704578313252,29.207317647058815,25.214390804597702,24.467321311475413,25.01620833333334,23.694810256410253,24.766258536585365,24.597199999999997,21.606884848484846,22.196838596491236,22.195033333333324,21.772459375,23.906376086956534,23.841225454545448,25.897261538461542,24.573794871794874,24.52261204819277,26.58356097560976,25.100325,25.117558904109575,20.89297303370786,22.284290196078434,21.59252549019608,20.284639999999996,19.241562376237624,18.266513513513505,18.12998076923077,19.845634567901225,21.31654098360656,21.178209090909082,21.636564
22.074575,22.429906666666668,21.77594130434782,21.9927951807229,22.16440273972603,21.589344680851063,22.55548421052631,23.09711590909091,22.52827045454545,22.348172413793105,22.996755000000004,21.284779104477618,22.035275675675678,20.472665957446804,21.501360465116274,24.235125000000007,23.289835643564352,25.353415384615385,25.690201834862407,25.65588314606741,28.990633333333335,29.908070422535204,25.84084470588235,25.57759999999999,26.283062500000003,24.583185567010304,26.830529411764715,25.720574736842106,22.802873529411766,22.703171929824563,23.09690909090909,22.86072702702703,24.90338269230769,24.08105294117648,26.891393548387107,25.364852941176466,24.978933333333337,27.30220322580645,25.68204923076924,25.624625000000027,21.26324807692307,22.471778217821782,21.694384000000003,20.525537999999997,19.267357575757583,18.317499999999992,18.412367213114752,19.894220338983047,20.9260888888889,22.003933333333332,22.45084864864865
22.156432911392404,22.406929577464798,22.2669,21.63436119402985,21.882432835820897,21.29229494949495,22.088373584905657,22.561249999999994,21.90800810810811,22.554994871794868,23.10436444444444,21.365086956521747,22.18232173913045,20.29762972972973,21.529051162790694,24.45995624999999,23.121413333333333,25.435381443298958,25.511400000000013,25.74265052631581,29.465735000000006,30.55963720930232,26.110745833333336,26.22820000000001,26.863,25.212514583333345,27.576009836065566,26.323097727272728,23.079126760563373,23.011699999999994,23.423757333333324,23.189111111111114,25.25749894736842,24.193673972602742,27.152537931034495,25.393100000000004,24.5496,26.941990000000004,24.168955555555566,24.823957575757568,21.211985567010306,21.57157115384615,20.9310709090909,20.140520720720712,20.629535779816514,19.54425432098766,20.545817241379307,21.60421724137931,21.962512,21.559736170212762,21.833503448275877
23.136347945205483,23.072477192982447,22.946180000000002,22.577790588235292,22.308386666666664,22.093920754716986,22.415817391304348,22.697166666666675,22.070295890410957,22.845508333333335,23.5583641025641,21.64359999999999,22.52659999999999,21.036095384615386,22.310999999999996,24.785966666666663,23.555980582524267,25.699231067961176,25.871637500000002,26.111858426966315,29.108708045977018,30.004244999999997,26.434839999999998,26.703940740740745,27.25416170212766,25.85461875,27.534260000000003,26.490491489361705,23.993078125000004,23.349542105263158,24.145532394366196,23.699646575342463,25.69797333333333,25.09827272727273,27.378132608695648,26.0644,24.996558536585358,27.068295890410962,24.73142181818182,25.081796875000002,23.217211764705883,22.508067326732668,22.18586851851853,21.627986666666665,23.077827522935767,22.373772972972976,23.874799999999997,23.537451851851856,23.432803030303024,22.394475000000007,22.340595999999994
22.270417948717952,22.48892068965517,22.278884337349403,21.867807894736835,21.773400000000002,21.54147927927932,21.9708,21.99511333333332,21.519883333333333,22.62570422535212,22.992979487179483,20.83729189189189,22.42275769230769,20.056003389830494,21.77225128205127,24.491019607843132,23.089566336633656,25.66570495049505,25.584812499999998,25.91019759036147,28.745788888888885,29.161092307692293,25.477678260869563,25.499646511627905,25.599764705882354,24.854002000000005,25.283339999999992,25.308454901960765,22.508104225352117,22.666288888888896,23.125318749999995,22.584779746835448,24.092536842105268,24.232296202531646,26.43406511627907,25.282906976744187,24.210265789473684,26.191171794871796,24.42298909090909,24.311707692307685,24.93343595505618,22.006558878504666,21.232314000000002,21.26158333333333,20.980273076923083,21.473631325301206,22.629416949152535,21.094038202247187,21.950759259259264,22.0308679245283,22.512879999999992
21.930592682926832,22.377832786885243,21.871572839506214,22.001169230769218,21.678199999999993,21.737977358490568,21.909537931034492,22.06903092783507,21.39229454545454,22.389142105263165,22.773079245283007,21.290819999999993,22.175347368421047,19.80155737704917,21.41482972972973,24.205090196078427,22.85637475728156,25.304091262135906,25.198702803738314,25.567021176470586,27.501845977011484,27.25409638554217,24.25241030927836,24.103947692307685,23.8650976744186,22.66803181818182,23.859651282051285,24.168517021276596,21.539522222222224,21.975506382978722,21.82076097560977,21.98212352941177,22.732932608695652,23.91572183908047,25.438551724137938,24.636928301886794,23.588834782608693,25.464606779661025,23.676318181818186,23.521827692307703,26.179549999999995,22.192373333333332,21.062518811881176,21.888958878504667,20.616432075471696,22.08546197183099,22.37355666666666,19.876516666666667,21.43221791044776,21.204825,21.632717499999995
21.814560000000007,22.084935593220333,22.137671641791044,22.222683333333336,21.717400000000005,21.889510091743123,21.861929411764702,22.10256559139785,21.81949230769232,22.13648915662651,22.45955909090909,19.92995636363636,21.897348837209304,19.21075185185185,20.849302777777776,22.91933962264151,22.34012264150943,24.733431775700943,24.539163636363643,24.835583157894742,25.966293478260877,25.868400000000012,23.038066666666666,23.067338709677426,22.211075,21.40700697674419,21.86564444444445,22.330290526315796,20.044443749999996,21.814366153846166,20.756979411764707,21.60727945205479,21.274986274509814,23.16838333333333,23.967086046511632,23.68039999999999,22.850773684210527,24.461093150684935,23.245015384615385,22.950982608695654,26.583364444444445,22.466454901960788,21.349000000000007,22.33428623853211,20.833516363636363,22.365532258064512,22.44652,19.981689130434777,21.675422580645165,21.49564,21.958880555555545
21.52101818181819,21.80341764705882,22.467799999999997,22.11691219512194,21.385329824561396,21.983607407407415,21.311664864864863,21.519756521739133,21.370044444444446,21.418942105263156,21.295679166666666,19.227438596491233,21.342406557377053,18.388640740740737,19.969605479452056,21.877962500000002,21.53764000000001,23.869105769230774,23.488236036036035,23.928300000000004,24.449015384615375,24.099665168539318,21.714081999999998,22.170480645161287,20.526043076923084,21.239849462365598,20.06265384615385,20.914984615384622,18.825307317073182,21.326557333333326,19.944214035087715,21.453788235294123,20.083448192771087,22.33476164383562,22.433322891566263,22.60182162162162,22.20753770491804,23.314210526315787,23.135316455696202,22.521486956521738,24.17681818181817,21.938783177570105,21.071789999999996,20.86183603603605,20.040570588235294,21.200778787878786,21.62157777777778,19.623714893617013,21.451381081081088,21.25298431372549,21.5018
22.417877647058816,22.65191750000001,22.542893975903617,22.544056249999983,21.904513043478246,22.033392727272723,21.766192592592578,21.8181,21.611230379746853,21.70464050632912,21.139231818181813,21.386125000000007,22.270110344827597,21.818374999999996,22.586469090909095,23.249572727272742,23.12677864077669,23.851502912621363,23.526556363636352,23.91500674157304,23.99775294117647,23.664624999999983,23.032646153846155,23.444249275362314,22.82271076923077,23.012597183098585,22.895863999999996,22.650962000000003,22.16882898550726,22.591890909090903,22.44770169491526,23.129569230769217,22.905225882352934,23.36840000000001,23.228090322580634,23.653431034482754,23.58112558139535,23.703300000000002,23.89923225806451,23.6560123076923,24.149199999999997,23.510146666666653,22.94791250000002,23.590701818181834,22.8997063063063,23.124661333333336,22.816145454545456,22.91987826086956,22.924889552238806,22.409195999999994,21.91075365853657
22.714414117647063,22.93107272727272,22.845308510638315,22.811888888888884,22.29428974358975,22.325875000000007,22.01732666666665,22.091227722772278,21.974793181818168,22.676689130434788,21.812309433962266,22.011374074074073,22.824339473684205,22.7118602739726,23.26901621621621,23.666666666666668,23.54139449541284,24.18945660377358,23.806735652173906,24.232072222222207,24.15632989690722,23.937310000000004,23.50730721649484,23.830000000000005,23.322293181818182,23.502841095890414,23.131119999999996,23.141709090909096,22.77130303030303,23.036608333333334,22.851750000000003,23.471776699029125,23.134095744680852,23.59798070175439,23.36490833333335,23.84651481481481,23.717855670103084,23.67667083333333,23.686458823529414,23.87766913580246,23.75051111111112,23.645631775700938,23.26904423076923,23.54624545454544,23.266458119658108,22.99841443298969,22.809279310344813,23.387199999999996,23.21533823529412,22.508371999999998,21.996938823529394
22.565216666666668,22.906138271604938,22.766872941176466,22.787388888888884,22.347687179487167,22.310640366972457,21.971648936170208,22.02239550561799,22.03297037037038,22.59062666666667,21.631468000000005,21.971588732394373,22.679234999999995,22.399554216867465,23.161499999999997,23.545799999999996,23.363887499999986,24.09142407407407,23.551350442477887,24.074528846153836,23.957784313725504,23.689038383838373,23.297533333333334,23.69404225352113,23.104498461538466,23.3813593220339,22.91542535211268,22.999140229885064,22.58788101265822,22.928812631578932,22.65241470588235,23.25086666666667,22.966877894736847,23.44294579439252,23.07219801980197,23.63657049180327,23.42253777777779,23.38835384615385,23.17524470588236,23.634426086956523,23.20878315789475,23.28997333333334,23.037064705882326,23.085893805309727,22.98753793103448,22.570896,22.380713636363637,23.113597727272733,22.977525641025636,22.06247812500001,21.595382222222213
22.355258064516132,22.741727710843364,22.55745544554456,22.619653333333336,22.26639310344828,22.186749999999996,21.824945454545464,21.84912600000002,21.90955,21.61989583333334,21.106743333333334,21.6319014084507,22.433298630136996,22.067516666666663,22.957799999999985,23.359469333333323,23.149269811320746,23.88771111111112,23.27852727272729,23.868853097345145,23.66232199999999,23.401325773195854,23.020683333333327,23.477997674418614,22.817250632911403,23.168959375000014,22.61004411764707,22.741111111111106,22.281169230769237,22.690004347826097,22.384273846153857,22.962969230769225,22.72666595744681,23.23565333333333,22.731125999999986,23.354111999999997,23.124804123711343,23.071249411764725,22.794816666666676,23.32960243902439,22.799700000000016,22.96018130841121,22.741770175438585,22.74509739130435,22.67530825688075,22.167408695652163,21.944234999999992,22.71889777777778,22.545643181818182,21.537192,21.094938461538458
22.26299240506329,22.69156666666667,22.443406521739124,22.562629411764696,22.197616279069788,22.113687499999997,21.797032608695666,21.842641666666683,21.84364888888889,21.81780210526316,21.16273584905661,21.454158208955207,22.239501408450696,22.13596111111111,22.895048387096768,23.23537058823527,22.983594339622655,23.704620618556692,23.20468807339449,23.707645544554467,23.57231764705884,23.264607920792095,22.906816666666668,23.358052631578943,22.71606666666667,23.079386440677972,22.538033333333335,22.6261590909091,22.19286545454545,22.6163415730337,22.333257627118652,22.911799999999996,22.59392173913043,23.178662962962967,22.645486868686856,23.259108474576273,23.003849462365594,22.946518604651157,22.764143478260863,23.19704782608696,22.749439639639633,22.908234615384607,22.66469090909092,22.72723272727273,22.605183177570094,22.094760869565206,21.87188461538462,22.637846153846148,22.344770270270285,21.341780000000004,20.907617977528094
22.195616666666677,22.60251898734176,22.368432558139546,22.49467722772277,22.127098765432088,22.05850588235295,21.708539024390248,21.777734042553206,21.800655696202547,22.028846153846157,21.125199999999996,21.40989830508475,22.142715624999987,21.967698461538454,22.799190769230773,23.110723076923076,22.85494336283186,23.536480392156868,23.101082758620677,23.579137499999995,23.412955555555573,23.114794059405945,22.78074666666666,23.28938734177216,22.597451351351353,22.98299999999999,22.44003333333333,22.504215909090917,22.111556756756762,22.523741666666663,22.234886666666668,22.796508333333325,22.508237894736848,23.07964038461538,22.4906,23.107543999999997,22.826215730337076,22.704180722891557,22.528918279569904,22.98720000000001,22.57018958333332,22.75634528301887,22.538850000000014,22.556359633027515,22.46089739130434,21.911093181818188,21.694924324324326,22.494184615384615,22.22398461538461,21.233763636363634,20.79534352941177
